event_id,true_activity_id,template_id
E00001,OIL-A1-PIP-L6-0001,PIP:0:1
E00002,OIL-A1-PIP-L6-0001,PIP:0:1
E00003,OIL-A1-PIP-L6-0002,PIP:0:2
E00004,OIL-A1-PIP-L6-0002,PIP:0:1
E00005,OIL-A1-PIP-L6-0002,PIP:0:0
E00006,OIL-A1-PIP-L6-0004,PIP:0:2
E00007,OIL-A1-PIP-L6-0005,PIP:0:1
E00008,OIL-A1-PIP-L6-0006,PIP:0:0
E00009,OIL-A1-PIP-L6-0007,PIP:1:0
E00010,OIL-A1-PIP-L6-0007,PIP:1:0
E00011,OIL-A1-PIP-L6-0008,PIP:1:0
E00012,OIL-A1-PIP-L6-0011,PIP:1:0
E00013,OIL-A1-PIP-L6-0012,PIP:1:0
E00014,OIL-A1-PIP-L6-0012,PIP:1:1
E00015,OIL-A1-PIP-L6-0012,PIP:1:2
E00016,OIL-A1-PIP-L6-0013,PIP:2:2
E00017,OIL-A1-PIP-L6-0016,PIP:2:2
E00018,OIL-A1-PIP-L6-0016,PIP:2:0
E00019,OIL-A1-PIP-L6-0020,PIP:3:0
E00020,OIL-A1-PIP-L6-0020,PIP:3:2
E00021,OIL-A1-PIP-L6-0021,PIP:3:1
E00022,OIL-A1-PIP-L6-0021,PIP:3:2
E00023,OIL-A1-PIP-L6-0021,PIP:3:1
E00024,OIL-A1-PIP-L6-0022,PIP:3:1
E00025,OIL-A1-PIP-L6-0022,PIP:3:2
E00026,OIL-A1-PIP-L6-0023,PIP:3:2
E00027,OIL-A1-PIP-L6-0024,PIP:3:2
E00028,OIL-A1-CIV-L6-0025,CIV:0:2
E00029,OIL-A1-CIV-L6-0025,CIV:0:0
E00030,OIL-A1-CIV-L6-0026,CIV:0:1
E00031,OIL-A1-CIV-L6-0027,CIV:0:0
E00032,OIL-A1-CIV-L6-0027,CIV:0:0
E00033,OIL-A1-CIV-L6-0028,CIV:0:1
E00034,OIL-A1-CIV-L6-0029,CIV:0:2
E00035,OIL-A1-CIV-L6-0029,CIV:0:2
E00036,OIL-A1-CIV-L6-0031,CIV:1:1
E00037,OIL-A1-CIV-L6-0031,CIV:1:0
E00038,OIL-A1-CIV-L6-0031,CIV:1:0
E00039,OIL-A1-CIV-L6-0033,CIV:1:1
E00040,OIL-A1-CIV-L6-0035,CIV:1:2
E00041,OIL-A1-CIV-L6-0035,CIV:1:2
E00042,OIL-A1-CIV-L6-0036,CIV:1:0
E00043,OIL-A1-CIV-L6-0036,CIV:1:0
E00044,OIL-A1-CIV-L6-0041,CIV:2:0
E00045,OIL-A1-CIV-L6-0042,CIV:2:1
E00046,OIL-A1-CIV-L6-0042,CIV:2:0
E00047,OIL-A1-CIV-L6-0042,CIV:2:2
E00048,OIL-A1-CIV-L6-0043,CIV:3:1
E00049,OIL-A1-CIV-L6-0043,CIV:3:1
E00050,OIL-A1-CIV-L6-0043,CIV:3:1
E00051,OIL-A1-CIV-L6-0044,CIV:3:2
E00052,OIL-A1-CIV-L6-0046,CIV:3:0
E00053,OIL-A1-CIV-L6-0046,CIV:3:1
E00054,OIL-A1-CIV-L6-0048,CIV:3:1
E00055,OIL-A1-ELE-L6-0051,ELE:0:1
E00056,OIL-A1-ELE-L6-0052,ELE:0:1
E00057,OIL-A1-ELE-L6-0054,ELE:0:1
E00058,OIL-A1-ELE-L6-0056,ELE:1:1
E00059,OIL-A1-ELE-L6-0057,ELE:1:2
E00060,OIL-A1-ELE-L6-0060,ELE:1:0
E00061,OIL-A1-ELE-L6-0061,ELE:2:1
E00062,OIL-A1-ELE-L6-0062,ELE:2:1
E00063,OIL-A1-ELE-L6-0065,ELE:2:0
E00064,OIL-A1-ELE-L6-0066,ELE:2:0
E00065,OIL-A1-ELE-L6-0066,ELE:2:1
E00066,OIL-A1-ELE-L6-0066,ELE:2:2
E00067,OIL-A1-ELE-L6-0067,ELE:3:0
E00068,OIL-A1-ELE-L6-0067,ELE:3:2
E00069,OIL-A1-ELE-L6-0067,ELE:3:1
E00070,OIL-A1-ELE-L6-0068,ELE:3:2
E00071,OIL-A1-ELE-L6-0068,ELE:3:2
E00072,OIL-A1-ELE-L6-0068,ELE:3:1
E00073,OIL-A1-ELE-L6-0070,ELE:3:2
E00074,OIL-A1-ELE-L6-0070,ELE:3:0
E00075,OIL-A1-ELE-L6-0071,ELE:3:1
E00076,OIL-A1-ELE-L6-0071,ELE:3:2
E00077,OIL-A1-ELE-L6-0072,ELE:3:1
E00078,OIL-A1-INS-L6-0073,INS:0:0
E00079,OIL-A1-INS-L6-0075,INS:0:1
E00080,OIL-A1-INS-L6-0075,INS:0:1
E00081,OIL-A1-INS-L6-0077,INS:0:2
E00082,OIL-A1-INS-L6-0078,INS:0:1
E00083,OIL-A1-INS-L6-0079,INS:1:0
E00084,OIL-A1-INS-L6-0080,INS:1:1
E00085,OIL-A1-INS-L6-0080,INS:1:0
E00086,OIL-A1-INS-L6-0083,INS:1:0
E00087,OIL-A1-INS-L6-0085,INS:2:2
E00088,OIL-A1-INS-L6-0085,INS:2:2
E00089,OIL-A1-INS-L6-0086,INS:2:0
E00090,OIL-A1-INS-L6-0086,INS:2:1
E00091,OIL-A1-INS-L6-0086,INS:2:2
E00092,OIL-A1-INS-L6-0089,INS:2:0
E00093,OIL-A1-INS-L6-0089,INS:2:0
E00094,OIL-A1-INS-L6-0089,INS:2:0
E00095,OIL-A1-STA-L6-0091,STA:0:1
E00096,OIL-A1-STA-L6-0091,STA:0:2
E00097,OIL-A1-STA-L6-0091,STA:0:0
E00098,OIL-A1-STA-L6-0092,STA:0:2
E00099,OIL-A1-STA-L6-0092,STA:0:0
E00100,OIL-A1-STA-L6-0094,STA:0:0
E00101,OIL-A1-STA-L6-0095,STA:0:0
E00102,OIL-A1-STA-L6-0095,STA:0:1
E00103,OIL-A1-STA-L6-0095,STA:0:0
E00104,OIL-A1-STA-L6-0096,STA:0:0
E00105,OIL-A1-STA-L6-0097,STA:1:0
E00106,OIL-A1-STA-L6-0098,STA:1:0
E00107,OIL-A1-STA-L6-0099,STA:1:1
E00108,OIL-A1-STA-L6-0100,STA:1:0
E00109,OIL-A1-STA-L6-0101,STA:1:2
E00110,OIL-A1-STA-L6-0102,STA:1:1
E00111,OIL-A1-STA-L6-0104,STA:2:0
E00112,OIL-A1-STA-L6-0105,STA:2:1
E00113,OIL-A1-STA-L6-0107,STA:2:1
E00114,OIL-A1-STA-L6-0107,STA:2:2
E00115,OIL-A1-STA-L6-0108,STA:2:0
E00116,OIL-A1-STA-L6-0108,STA:2:2
E00117,OIL-A2-PIP-L6-0111,PIP:0:1
E00118,OIL-A2-PIP-L6-0111,PIP:0:0
E00119,OIL-A2-PIP-L6-0111,PIP:0:2
E00120,OIL-A2-PIP-L6-0112,PIP:0:2
E00121,OIL-A2-PIP-L6-0115,PIP:1:2
E00122,OIL-A2-PIP-L6-0118,PIP:1:2
E00123,OIL-A2-PIP-L6-0118,PIP:1:0
E00124,OIL-A2-PIP-L6-0118,PIP:1:2
E00125,OIL-A2-PIP-L6-0119,PIP:1:1
E00126,OIL-A2-PIP-L6-0120,PIP:1:2
E00127,OIL-A2-PIP-L6-0121,PIP:2:2
E00128,OIL-A2-PIP-L6-0123,PIP:2:0
E00129,OIL-A2-PIP-L6-0123,PIP:2:1
E00130,OIL-A2-PIP-L6-0123,PIP:2:1
E00131,OIL-A2-PIP-L6-0125,PIP:2:2
E00132,OIL-A2-PIP-L6-0127,PIP:3:2
E00133,OIL-A2-PIP-L6-0127,PIP:3:0
E00134,OIL-A2-PIP-L6-0128,PIP:3:1
E00135,OIL-A2-PIP-L6-0128,PIP:3:0
E00136,OIL-A2-PIP-L6-0129,PIP:3:0
E00137,OIL-A2-PIP-L6-0129,PIP:3:1
E00138,OIL-A2-PIP-L6-0131,PIP:3:1
E00139,OIL-A2-PIP-L6-0132,PIP:3:2
E00140,OIL-A2-CIV-L6-0133,CIV:0:1
E00141,OIL-A2-CIV-L6-0133,CIV:0:2
E00142,OIL-A2-CIV-L6-0135,CIV:0:2
E00143,OIL-A2-CIV-L6-0135,CIV:0:0
E00144,OIL-A2-CIV-L6-0135,CIV:0:0
E00145,OIL-A2-CIV-L6-0136,CIV:0:1
E00146,OIL-A2-CIV-L6-0138,CIV:0:2
E00147,OIL-A2-CIV-L6-0139,CIV:1:0
E00148,OIL-A2-CIV-L6-0140,CIV:1:0
E00149,OIL-A2-CIV-L6-0140,CIV:1:1
E00150,OIL-A2-CIV-L6-0141,CIV:1:1
E00151,OIL-A2-CIV-L6-0142,CIV:1:1
E00152,OIL-A2-CIV-L6-0142,CIV:1:2
E00153,OIL-A2-CIV-L6-0143,CIV:1:1
E00154,OIL-A2-CIV-L6-0144,CIV:1:0
E00155,OIL-A2-CIV-L6-0145,CIV:2:0
E00156,OIL-A2-CIV-L6-0145,CIV:2:2
E00157,OIL-A2-CIV-L6-0146,CIV:2:0
E00158,OIL-A2-CIV-L6-0147,CIV:2:1
E00159,OIL-A2-CIV-L6-0152,CIV:3:2
E00160,OIL-A2-CIV-L6-0153,CIV:3:2
E00161,OIL-A2-CIV-L6-0153,CIV:3:1
E00162,OIL-A2-CIV-L6-0153,CIV:3:1
E00163,OIL-A2-CIV-L6-0154,CIV:3:2
E00164,OIL-A2-CIV-L6-0155,CIV:3:2
E00165,OIL-A2-CIV-L6-0155,CIV:3:2
E00166,OIL-A2-ELE-L6-0159,ELE:0:0
E00167,OIL-A2-ELE-L6-0161,ELE:0:0
E00168,OIL-A2-ELE-L6-0161,ELE:0:1
E00169,OIL-A2-ELE-L6-0161,ELE:0:0
E00170,OIL-A2-ELE-L6-0163,ELE:1:1
E00171,OIL-A2-ELE-L6-0163,ELE:1:2
E00172,OIL-A2-ELE-L6-0165,ELE:1:2
E00173,OIL-A2-ELE-L6-0166,ELE:1:1
E00174,OIL-A2-ELE-L6-0173,ELE:2:2
E00175,OIL-A2-ELE-L6-0173,ELE:2:0
E00176,OIL-A2-ELE-L6-0173,ELE:2:2
E00177,OIL-A2-ELE-L6-0177,ELE:3:1
E00178,OIL-A2-ELE-L6-0177,ELE:3:0
E00179,OIL-A2-ELE-L6-0180,ELE:3:0
E00180,OIL-A2-INS-L6-0182,INS:0:0
E00181,OIL-A2-INS-L6-0183,INS:0:1
E00182,OIL-A2-INS-L6-0183,INS:0:2
E00183,OIL-A2-INS-L6-0184,INS:0:1
E00184,OIL-A2-INS-L6-0184,INS:0:1
E00185,OIL-A2-INS-L6-0185,INS:0:2
E00186,OIL-A2-INS-L6-0190,INS:1:2
E00187,OIL-A2-INS-L6-0192,INS:1:0
E00188,OIL-A2-INS-L6-0192,INS:1:2
E00189,OIL-A2-INS-L6-0192,INS:1:2
E00190,OIL-A2-INS-L6-0193,INS:2:2
E00191,OIL-A2-INS-L6-0193,INS:2:0
E00192,OIL-A2-INS-L6-0195,INS:2:1
E00193,OIL-A2-INS-L6-0195,INS:2:1
E00194,OIL-A2-INS-L6-0197,INS:2:0
E00195,OIL-A2-INS-L6-0198,INS:2:1
E00196,OIL-A2-STA-L6-0199,STA:0:2
E00197,OIL-A2-STA-L6-0200,STA:0:0
E00198,OIL-A2-STA-L6-0200,STA:0:0
E00199,OIL-A2-STA-L6-0202,STA:0:2
E00200,OIL-A2-STA-L6-0203,STA:0:1
E00201,OIL-A2-STA-L6-0203,STA:0:0
E00202,OIL-A2-STA-L6-0203,STA:0:1
E00203,OIL-A2-STA-L6-0205,STA:1:1
E00204,OIL-A2-STA-L6-0206,STA:1:1
E00205,OIL-A2-STA-L6-0206,STA:1:1
E00206,OIL-A2-STA-L6-0207,STA:1:1
E00207,OIL-A2-STA-L6-0209,STA:1:1
E00208,OIL-A2-STA-L6-0210,STA:1:0
E00209,OIL-A2-STA-L6-0210,STA:1:1
E00210,OIL-A2-STA-L6-0213,STA:2:0
E00211,OIL-A2-STA-L6-0215,STA:2:0
E00212,OIL-A2-STA-L6-0215,STA:2:2
E00213,OIL-A3-PIP-L6-0217,PIP:0:2
E00214,OIL-A3-PIP-L6-0217,PIP:0:2
E00215,OIL-A3-PIP-L6-0217,PIP:0:2
E00216,OIL-A3-PIP-L6-0218,PIP:0:0
E00217,OIL-A3-PIP-L6-0218,PIP:0:0
E00218,OIL-A3-PIP-L6-0222,PIP:0:2
E00219,OIL-A3-PIP-L6-0222,PIP:0:2
E00220,OIL-A3-PIP-L6-0223,PIP:1:0
E00221,OIL-A3-PIP-L6-0224,PIP:1:2
E00222,OIL-A3-PIP-L6-0225,PIP:1:0
E00223,OIL-A3-PIP-L6-0225,PIP:1:2
E00224,OIL-A3-PIP-L6-0225,PIP:1:2
E00225,OIL-A3-PIP-L6-0226,PIP:1:2
E00226,OIL-A3-PIP-L6-0226,PIP:1:1
E00227,OIL-A3-PIP-L6-0226,PIP:1:1
E00228,OIL-A3-PIP-L6-0231,PIP:2:1
E00229,OIL-A3-PIP-L6-0232,PIP:2:2
E00230,OIL-A3-PIP-L6-0233,PIP:2:1
E00231,OIL-A3-PIP-L6-0234,PIP:2:2
E00232,OIL-A3-PIP-L6-0235,PIP:3:2
E00233,OIL-A3-PIP-L6-0235,PIP:3:2
E00234,OIL-A3-PIP-L6-0236,PIP:3:1
E00235,OIL-A3-PIP-L6-0236,PIP:3:0
E00236,OIL-A3-PIP-L6-0236,PIP:3:0
E00237,OIL-A3-PIP-L6-0238,PIP:3:0
E00238,OIL-A3-PIP-L6-0238,PIP:3:1
E00239,OIL-A3-PIP-L6-0238,PIP:3:2
E00240,OIL-A3-PIP-L6-0239,PIP:3:0
E00241,OIL-A3-CIV-L6-0242,CIV:0:2
E00242,OIL-A3-CIV-L6-0242,CIV:0:1
E00243,OIL-A3-CIV-L6-0242,CIV:0:2
E00244,OIL-A3-CIV-L6-0243,CIV:0:1
E00245,OIL-A3-CIV-L6-0243,CIV:0:2
E00246,OIL-A3-CIV-L6-0243,CIV:0:0
E00247,OIL-A3-CIV-L6-0244,CIV:0:0
E00248,OIL-A3-CIV-L6-0244,CIV:0:1
E00249,OIL-A3-CIV-L6-0244,CIV:0:1
E00250,OIL-A3-CIV-L6-0246,CIV:0:1
E00251,OIL-A3-CIV-L6-0248,CIV:1:2
E00252,OIL-A3-CIV-L6-0249,CIV:1:1
E00253,OIL-A3-CIV-L6-0249,CIV:1:0
E00254,OIL-A3-CIV-L6-0249,CIV:1:2
E00255,OIL-A3-CIV-L6-0251,CIV:1:1
E00256,OIL-A3-CIV-L6-0252,CIV:1:2
E00257,OIL-A3-CIV-L6-0252,CIV:1:2
E00258,OIL-A3-CIV-L6-0253,CIV:2:0
E00259,OIL-A3-CIV-L6-0253,CIV:2:2
E00260,OIL-A3-CIV-L6-0253,CIV:2:2
E00261,OIL-A3-CIV-L6-0254,CIV:2:2
E00262,OIL-A3-CIV-L6-0254,CIV:2:0
E00263,OIL-A3-CIV-L6-0254,CIV:2:0
E00264,OIL-A3-CIV-L6-0256,CIV:2:0
E00265,OIL-A3-CIV-L6-0256,CIV:2:0
E00266,OIL-A3-CIV-L6-0257,CIV:2:0
E00267,OIL-A3-CIV-L6-0257,CIV:2:0
E00268,OIL-A3-CIV-L6-0258,CIV:2:0
E00269,OIL-A3-CIV-L6-0258,CIV:2:0
E00270,OIL-A3-CIV-L6-0260,CIV:3:0
E00271,OIL-A3-CIV-L6-0260,CIV:3:0
E00272,OIL-A3-ELE-L6-0266,ELE:0:0
E00273,OIL-A3-ELE-L6-0267,ELE:0:1
E00274,OIL-A3-ELE-L6-0267,ELE:0:2
E00275,OIL-A3-ELE-L6-0268,ELE:0:1
E00276,OIL-A3-ELE-L6-0269,ELE:0:0
E00277,OIL-A3-ELE-L6-0269,ELE:0:0
E00278,OIL-A3-ELE-L6-0269,ELE:0:0
E00279,OIL-A3-ELE-L6-0270,ELE:0:0
E00280,OIL-A3-ELE-L6-0272,ELE:1:0
E00281,OIL-A3-ELE-L6-0273,ELE:1:0
E00282,OIL-A3-ELE-L6-0273,ELE:1:1
E00283,OIL-A3-ELE-L6-0273,ELE:1:2
E00284,OIL-A3-ELE-L6-0274,ELE:1:0
E00285,OIL-A3-ELE-L6-0276,ELE:1:0
E00286,OIL-A3-ELE-L6-0276,ELE:1:1
E00287,OIL-A3-ELE-L6-0277,ELE:2:1
E00288,OIL-A3-ELE-L6-0279,ELE:2:1
E00289,OIL-A3-ELE-L6-0282,ELE:2:0
E00290,OIL-A3-ELE-L6-0282,ELE:2:2
E00291,OIL-A3-ELE-L6-0285,ELE:3:2
E00292,OIL-A3-ELE-L6-0285,ELE:3:0
E00293,OIL-A3-ELE-L6-0286,ELE:3:1
E00294,OIL-A3-INS-L6-0289,INS:0:1
E00295,OIL-A3-INS-L6-0289,INS:0:0
E00296,OIL-A3-INS-L6-0290,INS:0:0
E00297,OIL-A3-INS-L6-0290,INS:0:0
E00298,OIL-A3-INS-L6-0294,INS:0:0
E00299,OIL-A3-INS-L6-0294,INS:0:2
E00300,OIL-A3-INS-L6-0296,INS:1:0
E00301,OIL-A3-INS-L6-0296,INS:1:2
E00302,OIL-A3-INS-L6-0301,INS:2:0
E00303,OIL-A3-INS-L6-0305,INS:2:2
E00304,OIL-A3-STA-L6-0307,STA:0:1
E00305,OIL-A3-STA-L6-0307,STA:0:0
E00306,OIL-A3-STA-L6-0307,STA:0:0
E00307,OIL-A3-STA-L6-0310,STA:0:1
E00308,OIL-A3-STA-L6-0311,STA:0:0
E00309,OIL-A3-STA-L6-0312,STA:0:1
E00310,OIL-A3-STA-L6-0313,STA:1:0
E00311,OIL-A3-STA-L6-0313,STA:1:2
E00312,OIL-A3-STA-L6-0315,STA:1:1
E00313,OIL-A3-STA-L6-0316,STA:1:1
E00314,OIL-A3-STA-L6-0318,STA:1:2
E00315,OIL-A3-STA-L6-0320,STA:2:2
E00316,OIL-A3-STA-L6-0321,STA:2:2
E00317,OIL-A3-STA-L6-0321,STA:2:2
E00318,OIL-A3-STA-L6-0321,STA:2:1
E00319,OIL-A3-STA-L6-0323,STA:2:2
E00320,OIL-A3-STA-L6-0324,STA:2:1
E00321,OIL-A3-STA-L6-0324,STA:2:2
E00322,OIL-A3-STA-L6-0324,STA:2:0
E00323,,
E00324,,
E00325,,
E00326,,
E00327,,
E00328,,
E00329,,
E00330,,
E00331,,
E00332,,
E00333,,
E00334,,
